Nest,BirdID,Sex,Treatment,TimeBowl,TimeFeed,StatusBowl,StatusFeed,Trial,Object_noobject,TrialOrder,Age
1.2,4041,M,0,12.086,19.368,1,1,2,1,1,0
1.2,4041,M,0,191.159,900,1,0,1,1,5,0
1.2,4041,M,0,0,0,1,1,0,0,6,0
1.2,4042,M,0,6.625,11.45,1,1,2,1,4,0
1.2,4042,M,0,0.65,2.164,1,1,0,0,5,0
1.2,4042,M,0,900,900,0,0,1,1,6,0
1.2,4043,M,0,13.425,21.295,1,1,2,1,2,0
1.2,4043,M,0,2.275,4.494,1,1,0,0,4,0
1.2,4043,M,0,900,900,0,0,1,1,6,0
2.3,4054,F,1,169.825,900,1,0,2,1,2,0
2.3,4054,F,1,900,900,0,0,1,1,3,0
2.3,4054,F,1,0,0,1,1,0,0,4,0
2.3,4056,F,1,330.025,900,1,0,1,1,2,0
2.3,4057,M,1,900,900,0,0,1,1,1,0
2.3,4057,M,1,2.865,5.14,1,1,0,0,3,0
2.3,4057,M,1,813.29,900,1,0,2,1,5,0
2.3,4058,F,1,0,34.8,1,1,0,0,1,0
2.3,4058,F,1,202.445,900,1,0,1,1,3,0
2.3,4058,F,1,110.251,900,1,0,2,1,6,0
3,4051,F,1,0,1.202,1,1,0,0,1,0
3,4051,F,1,326.38,768.968,1,1,2,1,3,0
3,4051,F,1,900,900,0,0,1,1,4,0
3,4053,F,1,0,0,1,1,0,0,6,0
3,4053,F,1,245.48,900,1,0,1,1,4,0
3,4053,F,1,63.44,900,1,0,2,1,5,0
3,4055,M,1,51.295,52.15,1,1,2,1,2,0
3,4055,M,1,210.94,900,1,0,1,1,3,0
3,4055,M,1,0,0,1,1,0,0,4,0
4,4018,F,0,900,900,0,0,1,1,1,0
4,4018,F,0,763.161,765.125,1,1,2,1,2,0
4,4018,F,0,120.9,122.93,1,1,0,0,4,0
4,4019,M,0,7.005,22.075,1,1,0,0,2,0
4,4019,M,0,138.66,154.99,1,1,2,1,5,0
4,4019,M,0,537.576,900,1,0,1,1,6,0
4,4020,M,0,14.565,900,1,0,1,1,1,0
4,4020,M,0,0,0,1,1,0,0,2,0
4,4020,M,0,19.245,38.255,1,1,2,1,4,0
4,4021,F,0,4.29,7.64,1,1,0,0,1,0
4,4021,F,0,868.245,900,1,0,1,1,4,0
4,4021,F,0,50.374,217.965,1,1,2,1,6,0
5,3931,F,0,12.799,18.249,1,1,2,1,2,0
5,3931,F,0,47.3,306.96,1,1,1,1,3,0
5,3931,F,0,12.405,14.745,1,1,0,0,5,0
5,3932,M,0,142.075,160.345,1,1,2,1,4,0
5,3932,M,0,900,900,0,0,1,1,5,0
5,3932,M,0,2.416,6.145,1,1,0,0,6,0
5,3933,F,0,6.15,8.684,1,1,2,1,2,0
5,3933,F,0,0,0,1,1,0,0,3,0
5,3933,F,0,297.154,900,1,0,1,1,6,0
5,3934,M,0,900,900,0,0,2,1,3,0
5,3934,M,0,0,0.484,1,1,0,0,5,0
5,3934,M,0,469.8,900,1,0,1,1,6,0
6,3935,F,1,7.776,251.181,1,1,2,1,1,0
6,3935,F,1,579.582,900,1,0,1,1,3,0
6,3935,F,1,667.46,672.619,1,1,0,0,5,0
6,3936,M,1,900,900,0,0,1,1,1,0
6,3936,M,1,0,0,1,1,0,0,2,0
6,3936,M,1,17.215,21.808,1,1,2,1,5,0
6,3937,M,1,12,17.96,1,1,0,0,1,0
6,3937,M,1,900,900,0,0,1,1,3,0
6,3937,M,1,51.855,488.695,1,1,2,1,4,0
6,3938,M,1,900,900,0,0,1,1,2,0
6,3938,M,1,3.57,6.17,1,1,0,0,3,0
6,3938,M,1,138.005,142.206,1,1,2,1,6,0
7.2,4063,F,1,38.625,900,1,0,1,1,1,0
7.2,4063,F,1,0,0,1,1,0,0,2,0
7.2,4063,F,1,5.225,9.115,1,1,2,1,4,0
7.2,4068,F,1,70.114,900,1,0,1,1,2,0
7.2,4068,F,1,0.924,1.449,1,1,0,0,3,0
7.2,4068,F,1,0,6.361,1,1,2,1,4,0
8.2,4037,M,0,5.625,8.946,1,1,2,1,1,0
8.2,4037,M,0,0.295,2.51,1,1,0,0,3,0
8.2,4037,M,0,108.715,900,1,0,1,1,6,0
8.2,4038,M,0,72.65,75.245,1,1,0,0,1,0
8.2,4038,M,0,695.879,900,1,0,1,1,2,0
8.2,4038,M,0,111.226,900,1,0,2,1,6,0
9,4048,M,0,98.76,900,1,0,2,1,2,0
9,4049,M,0,1.75,5.519,1,1,0,0,2,0
9,4049,M,0,12.009,79.855,1,1,2,1,5,0
9,4049,M,0,203.341,478.585,1,1,1,1,6,0
9,4052,F,0,8.26,9.325,1,1,2,1,6,0
9,4052,F,0,13.751,14.875,1,1,0,0,1,0
9,4052,F,0,294.7,586.85,1,1,1,1,4,0
10,4065,F,1,11.91,13.65,1,1,0,0,2,0
10,4065,F,1,26.005,41.655,1,1,2,1,4,0
10,4066,F,1,24.425,35.684,1,1,2,1,3,0
10,4066,F,1,0,3.67,1,1,0,0,4,0
10,4066,F,1,900,900,0,0,1,1,5,0
10,4067,M,1,47.8,90.799,1,1,2,1,2,0
10,4067,M,1,900,900,0,0,1,1,5,0
10,4067,M,1,5.4,23.509,1,1,0,0,6,0
11,4074,F,1,3.519,4.475,1,1,0,0,2,0
11,4074,F,1,87.625,900,1,0,1,1,3,0
11,4074,F,1,88.509,794.174,1,1,2,1,4,0
11,4075,M,1,102.481,195.945,1,1,2,1,1,0
11,4075,M,1,7.279,11.029,1,1,0,0,3,0
11,4075,M,1,900,900,0,0,1,1,5,0
11,4076,M,1,0,1.064,1,1,0,0,1,0
11,4076,M,1,101.72,900,1,0,2,1,4,0
12,4069,F,0,0,8.046,1,1,0,0,1,0
12,4069,F,0,0,2.367,1,1,2,1,2,0
12,4069,F,0,0,61.92,1,1,1,1,5,0
12,4070,M,0,194.294,900,1,0,1,1,3,0
12,4070,M,0,43.811,56.6,1,1,2,1,5,0
12,4070,M,0,0,0,1,1,0,0,6,0
12,4071,F,0,15.332,876.838,1,1,1,1,1,0
12,4071,F,0,0.624,2.545,1,1,2,1,2,0
12,4071,F,0,0,0,1,1,0,0,5,0
12,4072,F,0,0,38.13,1,1,2,1,3,0
12,4072,F,0,0,1.694,1,1,0,0,5,0
12,4072,F,0,900,900,0,0,1,1,6,0
12,4073,M,0,900,900,0,0,1,1,2,0
12,4073,M,0,900,900,0,0,2,1,4,0
12,4073,M,0,2.02,3.883,1,1,0,0,5,0
14,4161,M,0,241.626,243.801,1,1,0,0,2,0
14,4161,M,0,200.866,900,1,0,1,1,4,0
14,4161,M,0,50.19,55.32,1,1,2,1,6,0
14,4163,M,0,0,0,1,1,0,0,3,0
14,4163,M,0,6.696,207.201,1,1,2,1,4,0
14,4164,M,0,900,900,0,0,1,1,1,0
14,4164,M,0,0,0,1,1,0,0,3,0
14,4165,F,0,0,80.825,1,1,2,1,2,0
14,4165,F,0,0,0,1,1,0,0,3,0
14,4165,F,0,31.27,900,1,0,1,1,4,0
14,4166,M,0,544.466,900,1,0,2,1,1,0
14,4166,M,0,8.92,9.335,1,1,0,0,2,0
14,4166,M,0,674.186,900,1,0,1,1,4,0
15,4129,M,1,511.67,900,1,0,1,1,1,0
15,4129,M,1,0,0,1,1,0,0,2,0
15,4129,M,1,97.424,900,1,0,2,1,3,0
15,4130,F,1,1.711,900,1,0,1,1,1,0
15,4130,F,1,244.47,246.65,1,1,2,1,2,0
15,4130,F,1,0,2.385,1,1,0,0,5,0
15,4131,F,1,175.73,420.128,1,1,2,1,1,0
15,4131,F,1,0,1.418,1,1,0,0,2,0
15,4131,F,1,482.368,900,1,0,1,1,5,0
15,4132,M,1,11.571,12.74,1,1,0,0,1,0
15,4132,M,1,108.75,469.36,1,1,2,1,4,0
15,4132,M,1,214.245,900,1,0,1,1,5,0
15,4133,M,1,28.014,900,1,0,2,1,1,0
16,4059,M,0,2.799,6.854,1,1,2,1,2,0
16,4059,M,0,0,0,1,1,0,0,3,0
16,4059,M,0,13.33,791.061,1,1,1,1,6,0
16,4060,M,0,27.22,27.947,1,1,0,0,1,0
16,4060,M,0,108.125,900,1,0,1,1,2,0
16,4060,M,0,10.065,34.304,1,1,2,1,6,0
16,4061,F,0,107.78,654.495,1,1,1,1,6,0
16,4061,F,0,8.201,24.025,1,1,2,1,3,0
16,4061,F,0,0,0,1,1,0,0,4,0
17,4086,M,1,6.979,10.329,1,1,0,0,1,0
17,4086,M,1,900,900,0,0,1,1,4,0
17,4086,M,1,54.255,900,1,0,2,1,6,0
17,4087,M,1,27.06,750.374,1,1,2,1,3,0
17,4087,M,1,151.286,900,1,0,1,1,4,0
19,4094,F,0,27.439,900,1,0,1,1,2,0
19,4094,F,0,0.045,2.74,1,1,0,0,3,0
19,4094,F,0,3.06,4.361,1,1,2,1,4,0
19,4095,F,0,102.974,900,1,0,1,1,1,0
19,4095,F,0,61.866,68.665,1,1,2,1,3,0
19,4095,F,0,0,0,1,1,0,0,5,0
19,4099,M,0,6.894,8.966,1,1,1,1,1,0
19,4099,M,0,0,0,1,1,0,0,3,0
19,4099,M,0,38.2,45.584,1,1,2,1,5,0
20,4090,M,1,137.165,778.326,1,1,1,1,4,0
20,4090,M,1,0,0,1,1,0,0,5,0
20,4090,M,1,0,0,1,1,2,1,6,0
20,4091,F,1,2.814,7.161,1,1,2,1,1,0
20,4091,F,1,2.395,6.199,1,1,0,0,2,0
20,4091,F,1,0,900,1,0,1,1,4,0
22,4140,M,1,33.105,42.273,1,1,2,1,2,0
22,4140,M,1,334.969,900,1,0,1,1,3,0
22,4140,M,1,13.05,13.858,1,1,0,0,6,0
22,4141,M,1,0,3.938,1,1,0,0,2,0
22,4141,M,1,129.021,900,1,0,1,1,4,0
22,4145,F,1,476.016,477.85,1,1,0,0,5,0
22,4145,F,1,0,0,1,1,2,1,6,0
22,4145,F,1,900,900,0,0,1,1,3,0
23,4134,M,0,28.91,35.589,1,1,0,0,1,0
23,4135,F,0,17.501,19.322,1,1,0,0,1,0
23,4135,F,0,183.85,185.9,1,1,2,1,3,0
23,4135,F,0,491.545,900,1,0,1,1,4,0
23,4136,M,0,476.84,900,1,0,2,1,1,0
23,4136,M,0,0,0,1,1,0,0,4,0
23,4136,M,0,900,900,0,0,1,1,5,0
23,4137,M,0,509.921,900,1,0,1,1,2,0
23,4137,M,0,0,0,1,1,0,0,3,0
23,4137,M,0,92.978,860.988,1,1,2,1,6,0
23,4138,F,0,25.605,27.18,1,1,0,0,1,0
23,4138,F,0,33.8,80.36,1,1,2,1,4,0
23,4138,F,0,402.898,900,1,1,1,1,5,0
25,4146,F,1,475.876,900,1,0,1,1,5,0
25,4146,F,1,0,24.11,1,1,0,0,6,0
25,4146,F,1,201.995,900,1,0,2,1,2,0
25,4148,M,1,18.66,21.46,1,1,0,0,3,0
25,4148,M,1,0,716.216,1,1,2,1,4,0
25,4148,M,1,721.505,900,1,0,1,1,2,0
25,4151,F,1,5.651,545.797,1,1,2,1,2,0
25,4151,F,1,0,0,1,1,0,0,4,0
25,4151,F,1,900,900,0,0,1,1,1,0
25,4152,F,1,75.499,280.374,1,1,2,1,3,0
27,4142,M,0,900,900,0,0,1,1,2,0
27,4142,M,0,0,0,1,1,0,0,4,0
27,4142,M,0,13.933,900,1,0,2,1,5,0
27,4143,F,0,58.485,900,1,0,2,1,2,0
27,4143,F,0,0.205,2.621,1,1,0,0,4,0
27,4143,F,0,174.78,900,1,0,1,1,5,0
27,4144,F,0,900,900,0,0,1,1,6,0
27,4144,F,0,245.295,372.226,1,1,2,1,1,0
27,4144,F,0,0,0,1,1,0,0,4,0
29,4153,M,1,165.124,900,1,0,2,1,1,0
29,4153,M,1,536.44,900,1,0,1,1,2,0
29,4153,M,1,0,229.399,1,1,0,0,4,0
29,4158,F,1,0,0,1,1,1,1,2,0
29,4158,F,1,7.56,900,1,0,2,1,3,0
29,4158,F,1,0,0,1,1,0,0,6,0
1.2,4041,M,0,0,0,1,1,5,1,8,1
1.2,4041,M,0,0,0,1,1,0,0,11,1
1.2,4041,M,0,0,0,1,1,6,1,12,1
1.2,4042,M,0,0,19.86,1,1,5,1,8,1
1.2,4042,M,0,0,0,1,1,0,0,9,1
1.2,4042,M,0,93.71,900,1,0,6,1,11,1
1.2,4043,M,0,0,15.215,1,1,0,0,7,1
2.3,4056,F,1,0,0,1,1,0,0,7,1
2.3,4056,F,1,21.68,24.64,1,1,6,1,10,1
2.3,4056,F,1,9.85,35.95,1,1,5,1,11,1
2.3,4057,M,1,2.93,10.04,1,1,5,1,8,1
2.3,4057,M,1,241.22,242.1,1,1,6,1,10,1
2.3,4057,M,1,7.79,11.73,1,1,0,0,12,1
2.3,4058,F,1,17.02,19.92,1,1,5,1,10,1
2.3,4058,F,1,0.42,1.69,1,1,6,1,11,1
2.3,4058,F,1,2.41,2.66,1,1,0,0,12,1
3,4051,F,1,0,0.59,1,1,0,0,7,1
3,4051,F,1,131.84,154.5,1,1,6,1,9,1
3,4051,F,1,5.13,900,1,0,5,1,12,1
3,4053,F,1,0,1.04,1,1,0,0,8,1
3,4053,F,1,16.39,20.85,1,1,5,1,11,1
3,4053,F,1,0.92,2.22,1,1,6,1,12,1
3,4055,M,1,0,1.46,1,1,0,0,7,1
3,4055,M,1,6.18,7.81,1,1,5,1,10,1
3,4055,M,1,0.43,4.79,1,1,6,1,11,1
7.2,4063,F,1,21.52,67.64,1,1,5,1,7,1
7.2,4063,F,1,1.57,2.47,1,1,0,0,10,1
7.2,4063,F,1,1.72,2.42,1,1,6,1,11,1
7.2,4068,F,1,0,0,1,1,0,0,9,1
7.2,4068,F,1,0,0.15,1,1,6,1,10,1
7.2,4068,F,1,2.62,3.35,1,1,5,1,12,1
9,4048,M,0,3.44,7.14,1,1,0,0,7,1
9,4048,M,0,6.72,10.7,1,1,6,1,8,1
9,4048,M,0,6.2,7.35,1,1,5,1,12,1
9,4049,M,0,8.27,13.78,1,1,6,1,8,1
9,4049,M,0,0.4,2.15,1,1,5,1,10,1
9,4049,M,0,0,1.74,1,1,0,0,11,1
9,4052,F,0,1.78,4.29,1,1,0,0,10,1
9,4052,F,0,11.55,15.97,1,1,6,1,11,1
9,4052,F,0,0,0.7,1,1,5,1,12,1
10,4066,F,1,5.22,7,1,1,0,0,7,1
10,4066,F,1,1.53,4,1,1,5,1,9,1
10,4066,F,1,0,0,1,1,6,1,11,1
10,4067,M,1,14.21,14.83,1,1,6,1,7,1
10,4067,M,1,0,0,1,1,0,0,11,1
10,4067,M,1,19.01,36.96,1,1,5,1,12,1
11,4074,F,1,18.71,24.9,1,1,0,0,7,1
11,4074,F,1,40.29,478.77,1,1,5,1,11,1
11,4074,F,1,87.8,146.17,1,1,6,1,12,1
11,4075,M,1,9.98,15.56,1,1,0,0,8,1
11,4075,M,1,200.62,203.92,1,1,5,1,11,1
11,4075,M,1,40.94,900,1,0,6,1,12,1
11,4076,M,1,0.28,0.85,1,1,0,0,7,1
11,4076,M,1,301.2,303.17,1,1,6,1,11,1
11,4076,M,1,231.12,235.37,1,1,5,1,12,1
12,4069,F,0,109.44,232.37,1,1,5,1,8,1
12,4069,F,0,18.059,54.704,1,1,6,1,9,1
12,4069,F,0,0,0,1,1,0,0,12,1
12,4070,M,0,0,0,1,1,0,0,8,1
12,4070,M,0,56.979,62.495,1,1,5,1,9,1
12,4070,M,0,0.119,2.204,1,1,6,1,12,1
12,4071,F,0,0,0,1,1,0,0,8,1
12,4071,F,0,0,12.555,1,1,6,1,9,1
12,4072,F,0,5.68,9.43,1,1,5,1,8,1
12,4073,M,0,50.764,372.155,1,1,6,1,7,1
14,4161,M,0,119.19,,1,1,6,1,8,1
14,4161,M,0,4.77,6.6,1,1,0,0,9,1
14,4163,M,0,2.54,19.24,1,1,0,0,7,1
14,4163,M,0,22.95,278.92,1,1,5,1,8,1
14,4163,M,0,900,900,0,0,6,1,10,1
14,4164,M,0,159.33,171.04,1,1,6,1,8,1
14,4164,M,0,1.58,46.79,1,1,5,1,12,1
14,4165,F,0,0,11.01,1,1,0,0,9,1
14,4165,F,0,270.1,687.46,1,1,5,1,10,1
14,4165,F,0,1.95,29.49,1,1,6,1,12,1
14,4166,M,0,22.71,42.51,1,1,0,0,10,1
14,4166,M,0,30.59,59.62,1,1,5,1,11,1
14,4166,M,0,31.61,32.35,1,1,6,1,12,1
15,4129,M,1,7.21,65.96,1,1,6,1,7,1
15,4129,M,1,0,61.17,1,1,5,1,9,1
15,4129,M,1,0,0,1,1,0,0,12,1
15,4130,F,1,14.3,900,1,0,6,1,7,1
15,4130,F,1,4.11,7.11,1,1,0,0,8,1
15,4130,F,1,0,211.74,1,1,5,1,9,1
15,4131,F,1,69.64,71.28,1,1,6,1,8,1
15,4131,F,1,0,0,1,1,0,0,10,1
15,4132,M,1,900,900,0,0,6,1,7,1
15,4132,M,1,0,900,1,0,5,1,8,1
15,4133,M,1,0,2.66,1,1,0,0,7,1
15,4133,M,1,37.61,145.08,1,1,5,1,10,1
15,4133,M,1,18.74,38.13,1,1,6,1,12,1
16,4059,M,0,29.52,900,1,0,5,1,8,1
16,4059,M,0,0,0,1,1,0,0,9,1
16,4059,M,0,3.46,3.68,1,1,6,1,11,1
16,4060,M,0,6.9,8.64,1,1,6,1,8,1
16,4060,M,0,0,0,1,1,0,0,9,1
16,4060,M,0,0,0.08,1,1,5,1,12,1
16,4061,F,0,36.74,39.37,1,1,5,1,8,1
16,4061,F,0,0,1.61,1,1,0,0,10,1
16,4061,F,0,5.21,9.24,1,1,6,1,11,1
17,4086,M,1,69.65,543.515,1,1,6,1,8,1
17,4086,M,1,53.974,900,1,0,5,1,10,1
17,4086,M,1,0,0,1,1,0,0,11,1
17,4087,M,1,26.954,181.088,1,1,5,1,8,1
17,4087,M,1,0,55.584,1,1,6,1,9,1
17,4087,M,1,0,3.161,1,1,0,0,12,1
19,4093,M,0,45.256,61.54,1,1,6,1,8,1
19,4095,F,0,0,4.71,1,1,0,0,9,1
19,4095,F,0,8.218,55.7,1,1,5,1,10,1
19,4095,F,0,6.498,9.322,1,1,6,1,11,1
19,4099,M,0,0,0,1,1,5,1,8,1
19,4099,M,0,0,0,1,1,0,0,9,1
19,4099,M,0,0,21.257,1,1,6,1,11,1
20,4089,M,1,15.141,900,1,0,5,1,8,1
20,4089,M,1,0,0,1,1,0,0,9,1
20,4089,M,1,92.347,107.663,1,1,6,1,11,1
20,4091,F,1,73.864,900,1,0,5,1,8,1
20,4091,F,1,5.77,8.29,1,1,6,1,10,1
20,4091,F,1,0,0,1,1,0,0,11,1
22,4140,M,1,0,4.14,1,1,0,0,8,1
22,4141,M,1,0,0,1,1,0,0,7,1
22,4141,M,1,6.47,109.12,1,1,5,1,10,1
22,4141,M,1,36.07,41.24,1,1,6,1,11,1
22,4145,F,1,63.42,68.65,1,1,5,1,8,1
22,4145,F,1,8.99,68.72,1,1,6,1,9,1
22,4145,F,1,0,477.87,1,1,0,0,11,1
23,4134,M,0,18.29,425.51,1,1,6,1,7,1
23,4135,F,0,11.03,12.15,1,1,6,1,8,1
23,4136,M,0,4.66,5.58,1,1,5,1,8,1
23,4137,M,0,569.41,571.25,1,1,6,1,11,1
23,4137,M,0,74.47,115.16,1,1,5,1,12,1
23,4138,F,0,0.31,1.46,1,1,5,1,7,1
23,4138,F,0,34.31,43.66,1,1,6,1,11,1
23,4138,F,0,0,0,1,1,0,0,12,1
25,4146,F,1,113.88,163.07,1,1,5,1,8,1
25,4146,F,1,9.61,57.45,1,1,6,1,9,1
25,4148,M,1,159.52,162.04,1,1,5,1,7,1
25,4148,M,1,0,0,1,1,0,0,8,1
25,4148,M,1,0,0,1,1,6,1,11,1
25,4151,F,1,0,90.96,1,1,5,1,7,1
25,4152,F,1,69.18,99.43,1,1,6,1,7,1
25,4152,F,1,15.9,166.03,1,1,5,1,10,1
27,4142,M,0,21.35,900,1,0,5,1,7,1
27,4142,M,0,4.28,34.32,1,1,6,1,10,1
27,4142,M,0,0,0,1,1,0,0,11,1
27,4143,F,0,0,0,1,1,0,0,11,1
27,4143,F,0,9.37,900,1,0,5,1,12,1
27,4144,F,0,34,625.26,1,1,5,1,7,1
27,4147,F,0,17.02,41.04,1,1,6,1,8,1
29,4153,M,1,0,10.73,1,1,6,1,8,1
29,4153,M,1,2.45,5.89,1,1,0,0,12,1
29,4158,F,1,323.2,532.69,1,1,5,1,8,1
29,4158,F,1,18.7,900,1,0,6,1,9,1
29,4158,F,1,8.68,9.86,1,1,0,0,10,1
