Nest,BirdID,Sex,Treatment,TimeBowl,TimeFeed,StatusBowl,StatusFeed,Trial,Trial_withR1,Object_noobject,TrialOrder,Round,Average_Neophobia,R2_Minus_R1
1.2,4041,M,0,191.159,900,1,0,1,1,1,5,1,455.10475,-356.89475
1.2,4041,M,0,12.086,19.368,1,1,2,2,1,1,1,455.10475,-356.89475
1.2,4041,M,0,3.831,900,1,0,3,3,1,4,1,455.10475,-356.89475
1.2,4041,M,0,0,1.051,1,1,4,4,1,3,1,455.10475,-356.89475
1.2,4041,M,0,0,0,1,1,1,7,1,2,2,98.21,-356.89475
1.2,4041,M,0,0,0,1,1,2,8,1,6,2,98.21,-356.89475
1.2,4041,M,0,201.195,387.165,1,1,3,9,1,3,2,98.21,-356.89475
1.2,4041,M,0,4.31,5.675,1,1,4,10,1,1,2,98.21,-356.89475
1.2,4042,M,0,900,900,0,0,1,1,1,6,1,242.9805,213.767
1.2,4042,M,0,6.625,11.45,1,1,2,2,1,4,1,242.9805,213.767
1.2,4042,M,0,2.92,6.45,1,1,3,3,1,3,1,242.9805,213.767
1.2,4042,M,0,40.219,54.022,1,1,4,4,1,1,1,242.9805,213.767
1.2,4042,M,0,0,19.86,1,1,1,7,1,2,2,456.7475,213.767
1.2,4042,M,0,93.71,900,1,0,2,8,1,5,2,456.7475,213.767
1.2,4042,M,0,658.98,900,1,0,3,9,1,6,2,456.7475,213.767
1.2,4042,M,0,4.84,7.13,1,1,4,10,1,1,2,456.7475,213.767
1.2,4043,M,0,900,900,0,0,1,1,1,6,1,680.32375,-614.99875
1.2,4043,M,0,13.425,21.295,1,1,2,2,1,2,1,680.32375,-614.99875
1.2,4043,M,0,900,900,0,0,3,3,1,3,1,680.32375,-614.99875
1.2,4043,M,0,577.421,900,1,0,4,4,1,5,1,680.32375,-614.99875
1.2,4043,M,0,0,65.325,1,1,4,10,1,2,2,65.325,-614.99875
2.3,4054,F,1,900,900,0,0,1,1,1,3,1,900,
2.3,4054,F,1,169.825,900,1,0,2,2,1,2,1,900,
2.3,4054,F,1,0,900,1,0,3,3,1,1,1,900,
2.3,4054,F,1,324.725,900,1,0,4,4,1,5,1,900,
2.3,4056,F,1,330.025,900,1,0,1,1,1,2,1,900,-496.2925
2.3,4056,F,1,900,900,0,0,3,3,1,1,1,900,-496.2925
2.3,4056,F,1,9.85,35.95,1,1,1,7,1,5,2,403.7075,-496.2925
2.3,4056,F,1,21.68,24.64,1,1,2,8,1,4,2,403.7075,-496.2925
2.3,4056,F,1,900,900,0,0,3,9,1,3,2,403.7075,-496.2925
2.3,4056,F,1,222.01,654.24,1,1,4,10,1,6,2,403.7075,-496.2925
2.3,4057,M,1,900,900,0,0,1,1,1,1,1,900,-601.5575
2.3,4057,M,1,813.29,900,1,0,2,2,1,5,1,900,-601.5575
2.3,4057,M,1,423.335,900,1,0,3,3,1,2,1,900,-601.5575
2.3,4057,M,1,239.855,900,1,0,4,4,1,6,1,900,-601.5575
2.3,4057,M,1,2.93,10.04,1,1,1,7,1,2,2,298.4425,-601.5575
2.3,4057,M,1,241.22,242.1,1,1,2,8,1,4,2,298.4425,-601.5575
2.3,4057,M,1,39.54,41.63,1,1,3,9,1,3,2,298.4425,-601.5575
2.3,4057,M,1,900,900,0,0,4,10,1,5,2,298.4425,-601.5575
2.3,4058,F,1,202.445,900,1,0,1,1,1,3,1,502.46125,-318.90125
2.3,4058,F,1,110.251,900,1,0,2,2,1,6,1,502.46125,-318.90125
2.3,4058,F,1,106.785,110.785,1,1,3,3,1,5,1,502.46125,-318.90125
2.3,4058,F,1,88.845,99.06,1,1,4,4,1,2,1,502.46125,-318.90125
2.3,4058,F,1,17.02,19.92,1,1,1,7,1,4,2,183.56,-318.90125
2.3,4058,F,1,0.42,1.69,1,1,2,8,1,5,2,183.56,-318.90125
2.3,4058,F,1,519.7,671,1,1,3,9,1,2,2,183.56,-318.90125
2.3,4058,F,1,39.54,41.63,1,1,4,10,1,3,2,183.56,-318.90125
3,4051,F,1,900,900,0,0,1,1,1,4,1,867.242,-370.4995
3,4051,F,1,326.38,768.968,1,1,2,2,1,3,1,867.242,-370.4995
3,4051,F,1,900,900,0,0,3,3,1,6,1,867.242,-370.4995
3,4051,F,1,522.07,900,1,0,4,4,1,5,1,867.242,-370.4995
3,4051,F,1,5.13,900,1,0,1,7,1,6,2,496.7425,-370.4995
3,4051,F,1,131.84,154.5,1,1,2,8,1,3,2,496.7425,-370.4995
3,4051,F,1,900,900,0,0,3,9,1,4,2,496.7425,-370.4995
3,4051,F,1,21.05,32.47,1,1,4,10,1,5,2,496.7425,-370.4995
3,4053,F,1,245.48,900,1,0,1,1,1,4,1,470.4215,-228.5715
3,4053,F,1,63.44,900,1,0,2,2,1,5,1,470.4215,-228.5715
3,4053,F,1,28.431,43.364,1,1,3,3,1,1,1,470.4215,-228.5715
3,4053,F,1,34.33,38.322,1,1,4,4,1,3,1,470.4215,-228.5715
3,4053,F,1,16.39,20.85,1,1,1,7,1,5,2,241.85,-228.5715
3,4053,F,1,0.92,2.22,1,1,2,8,1,6,2,241.85,-228.5715
3,4053,F,1,164.97,900,1,0,3,9,1,4,2,241.85,-228.5715
3,4053,F,1,42.56,44.33,1,1,4,10,1,3,2,241.85,-228.5715
3,4055,M,1,210.94,900,1,0,1,1,1,3,1,485.36075,-257.21075
3,4055,M,1,51.295,52.15,1,1,2,2,1,2,1,485.36075,-257.21075
3,4055,M,1,475.955,900,1,0,3,3,1,5,1,485.36075,-257.21075
3,4055,M,1,85.065,89.293,1,1,4,4,1,1,1,485.36075,-257.21075
3,4055,M,1,6.18,7.81,1,1,1,7,1,4,2,228.15,-257.21075
3,4055,M,1,0.43,4.79,1,1,2,8,1,5,2,228.15,-257.21075
3,4055,M,1,900,900,0,0,3,9,1,6,2,228.15,-257.21075
3,4055,M,1,0,0,1,1,4,10,1,2,2,228.15,-257.21075
4,4018,F,0,900,900,0,0,1,1,1,1,1,855.0416667,
4,4018,F,0,763.161,765.125,1,1,2,2,1,2,1,855.0416667,
4,4018,F,0,900,900,0,0,4,4,1,5,1,855.0416667,
4,4019,M,0,537.576,900,1,0,1,1,1,6,1,713.7475,
4,4019,M,0,138.66,154.99,1,1,2,2,1,5,1,713.7475,
4,4019,M,0,900,900,0,0,3,3,1,1,1,713.7475,
4,4019,M,0,208.06,900,1,0,4,4,1,4,1,713.7475,
4,4020,M,0,14.565,900,1,0,1,1,1,1,1,684.56375,
4,4020,M,0,19.245,38.255,1,1,2,2,1,4,1,684.56375,
4,4020,M,0,900,900,0,0,3,3,1,6,1,684.56375,
4,4020,M,0,900,900,0,0,4,4,1,5,1,684.56375,
4,4021,F,0,868.245,900,1,0,1,1,1,4,1,729.49125,
4,4021,F,0,50.374,217.965,1,1,2,2,1,6,1,729.49125,
4,4021,F,0,900,900,0,0,3,3,1,3,1,729.49125,
4,4021,F,0,900,900,0,0,4,4,1,2,1,729.49125,
5,3931,F,0,47.3,306.96,1,1,1,1,1,3,1,137.7155,
5,3931,F,0,12.799,18.249,1,1,2,2,1,2,1,137.7155,
5,3931,F,0,69.901,75.378,1,1,3,3,1,6,1,137.7155,
5,3931,F,0,135.399,150.275,1,1,4,4,1,1,1,137.7155,
5,3932,M,0,900,900,0,0,1,1,1,5,1,715.08625,
5,3932,M,0,142.075,160.345,1,1,2,2,1,4,1,715.08625,
5,3932,M,0,900,900,0,0,3,3,1,2,1,715.08625,
5,3932,M,0,900,900,0,0,4,4,1,1,1,715.08625,
5,3933,F,0,297.154,900,1,0,1,1,1,6,1,677.171,
5,3933,F,0,6.15,8.684,1,1,2,2,1,2,1,677.171,
5,3933,F,0,900,900,0,0,3,3,1,4,1,677.171,
5,3933,F,0,900,900,0,0,4,4,1,5,1,677.171,
5,3934,M,0,469.8,900,1,0,1,1,1,6,1,900,
5,3934,M,0,900,900,0,0,2,2,1,3,1,900,
5,3934,M,0,900,900,0,0,3,3,1,2,1,900,
5,3934,M,0,197.449,900,1,0,4,4,1,4,1,900,
6,3935,F,1,579.582,900,1,0,1,1,1,3,1,737.79525,
6,3935,F,1,7.776,251.181,1,1,2,2,1,1,1,737.79525,
6,3935,F,1,882.96,900,1,0,3,3,1,2,1,737.79525,
6,3935,F,1,115.735,900,1,0,4,4,1,4,1,737.79525,
6,3936,M,1,900,900,0,0,1,1,1,1,1,621.9685,
6,3936,M,1,17.215,21.808,1,1,2,2,1,5,1,621.9685,
6,3936,M,1,900,900,0,0,3,3,1,3,1,621.9685,
6,3936,M,1,218.465,666.066,1,1,4,4,1,4,1,621.9685,
6,3937,M,1,900,900,0,0,1,1,1,3,1,574.55325,
6,3937,M,1,51.855,488.695,1,1,2,2,1,4,1,574.55325,
6,3937,M,1,93.695,127.574,1,1,3,3,1,5,1,574.55325,
6,3937,M,1,775.684,781.944,1,1,4,4,1,2,1,574.55325,
6,3938,M,1,900,900,0,0,1,1,1,2,1,564.3705,
6,3938,M,1,138.005,142.206,1,1,2,2,1,6,1,564.3705,
6,3938,M,1,469.115,900,1,0,3,3,1,4,1,564.3705,
6,3938,M,1,308.456,315.276,1,1,4,4,1,1,1,564.3705,
7.2,4063,F,1,38.625,900,1,0,1,1,1,1,1,464.25225,-218.66225
7.2,4063,F,1,5.225,9.115,1,1,2,2,1,4,1,464.25225,-218.66225
7.2,4063,F,1,0,900,1,1,3,3,1,5,1,464.25225,-218.66225
7.2,4063,F,1,0,47.894,1,1,4,4,1,3,1,464.25225,-218.66225
7.2,4063,F,1,21.52,67.64,1,1,1,7,1,1,2,245.59,-218.66225
7.2,4063,F,1,1.72,2.42,1,1,2,8,1,5,2,245.59,-218.66225
7.2,4063,F,1,900,900,0,0,3,9,1,2,2,245.59,-218.66225
7.2,4063,F,1,10.2,12.3,1,1,4,10,1,3,2,245.59,-218.66225
7.2,4068,F,1,70.114,900,1,0,1,1,1,2,1,256.219,-232.094
7.2,4068,F,1,0,6.361,1,1,2,2,1,4,1,256.219,-232.094
7.2,4068,F,1,74.82,76.735,1,1,3,3,1,6,1,256.219,-232.094
7.2,4068,F,1,23.351,41.78,1,1,4,4,1,5,1,256.219,-232.094
7.2,4068,F,1,2.62,3.35,1,1,1,7,1,6,2,24.125,-232.094
7.2,4068,F,1,0,0.15,1,1,2,8,1,4,2,24.125,-232.094
7.2,4068,F,1,91.17,91.61,1,1,3,9,1,2,2,24.125,-232.094
7.2,4068,F,1,0.49,1.39,1,1,4,10,1,5,2,24.125,-232.094
8.2,4037,M,0,108.715,900,1,0,1,1,1,6,1,380.06925,298.1545
8.2,4037,M,0,5.625,8.946,1,1,2,2,1,1,1,380.06925,298.1545
8.2,4037,M,0,342.085,589.92,1,1,3,3,1,2,1,380.06925,298.1545
8.2,4037,M,0,19.14,21.411,1,1,4,4,1,4,1,380.06925,298.1545
8.2,4038,M,0,695.879,900,1,0,1,1,1,2,1,678.22375,298.1545
8.2,4038,M,0,111.226,900,1,0,2,2,1,6,1,678.22375,298.1545
8.2,4038,M,0,900,900,0,0,3,3,1,3,1,678.22375,298.1545
8.2,4038,M,0,4.7,12.895,1,1,4,4,1,5,1,678.22375,298.1545
9,4048,M,0,98.76,900,1,0,2,2,1,2,1,732.785,-482.11
9,4048,M,0,168.785,565.57,1,1,4,4,1,1,1,732.785,-482.11
9,4048,M,0,6.2,7.35,1,1,1,7,1,6,2,250.675,-482.11
9,4048,M,0,6.72,10.7,1,1,2,8,1,2,2,250.675,-482.11
9,4048,M,0,900,900,0,0,3,9,1,5,2,250.675,-482.11
9,4048,M,0,78.37,84.65,1,1,4,10,1,4,2,250.675,-482.11
9,4049,M,0,203.341,478.585,1,1,1,1,1,6,1,164.565,66.8475
9,4049,M,0,12.009,79.855,1,1,2,2,1,5,1,164.565,66.8475
9,4049,M,0,79.76,91.42,1,1,3,3,1,1,1,164.565,66.8475
9,4049,M,0,6.506,8.4,1,1,4,4,1,3,1,164.565,66.8475
9,4049,M,0,0.4,2.15,1,1,1,7,1,4,2,231.4125,66.8475
9,4049,M,0,8.27,13.78,1,1,2,8,1,2,2,231.4125,66.8475
9,4049,M,0,900,900,0,0,3,9,1,6,2,231.4125,66.8475
9,4049,M,0,7.09,9.72,1,1,4,10,1,1,2,231.4125,66.8475
9,4052,F,0,294.7,586.85,1,1,1,1,1,4,1,349.191,-238.796
9,4052,F,0,8.26,9.325,1,1,2,2,1,6,1,349.191,-238.796
9,4052,F,0,445.405,775.62,1,1,3,3,1,3,1,349.191,-238.796
9,4052,F,0,21.055,24.969,1,1,4,4,1,5,1,349.191,-238.796
9,4052,F,0,0,0.7,1,1,1,7,1,6,2,110.395,-238.796
9,4052,F,0,11.55,15.97,1,1,2,8,1,5,2,110.395,-238.796
9,4052,F,0,394.51,397.12,1,1,3,9,1,3,2,110.395,-238.796
9,4052,F,0,25.73,27.79,1,1,4,10,1,2,2,110.395,-238.796
10,4065,F,1,26.005,41.655,1,1,2,2,1,4,1,685.41375,
10,4065,F,1,900,900,0,0,3,3,1,6,1,685.41375,
10,4065,F,1,900,900,0,0,4,4,1,3,1,685.41375,
10,4065,F,1,900,900,0,0,4,4,1,5,1,685.41375,
10,4066,F,1,900,900,0,0,1,1,1,5,1,683.921,-629.9035
10,4066,F,1,24.425,35.684,1,1,2,2,1,3,1,683.921,-629.9035
10,4066,F,1,900,900,0,0,3,3,1,1,1,683.921,-629.9035
10,4066,F,1,900,900,0,0,4,4,1,2,1,683.921,-629.9035
10,4066,F,1,1.53,4,1,1,1,7,1,3,2,54.0175,-629.9035
10,4066,F,1,0,0,1,1,2,8,1,5,2,54.0175,-629.9035
10,4066,F,1,168.83,172.09,1,1,3,9,1,4,2,54.0175,-629.9035
10,4066,F,1,36.6,39.98,1,1,4,10,1,2,2,54.0175,-629.9035
10,4067,M,1,900,900,0,0,1,1,1,5,1,665.57075,-471.13075
10,4067,M,1,47.8,90.799,1,1,2,2,1,2,1,665.57075,-471.13075
10,4067,M,1,28.851,900,1,0,3,3,1,1,1,665.57075,-471.13075
10,4067,M,1,61.349,771.484,1,1,4,4,1,3,1,665.57075,-471.13075
10,4067,M,1,19.01,36.96,1,1,1,7,1,6,2,194.44,-471.13075
10,4067,M,1,14.21,14.83,1,1,2,8,1,1,2,194.44,-471.13075
10,4067,M,1,103.1,723.32,1,1,3,9,1,2,2,194.44,-471.13075
10,4067,M,1,1.67,2.65,1,1,4,10,1,3,2,194.44,-471.13075
11,4074,F,1,87.625,900,1,0,1,1,1,3,1,650.64275,-168.73525
11,4074,F,1,88.509,794.174,1,1,2,2,1,4,1,650.64275,-168.73525
11,4074,F,1,177.711,627.672,1,1,3,3,1,1,1,650.64275,-168.73525
11,4074,F,1,279.94,280.725,1,1,4,4,1,5,1,650.64275,-168.73525
11,4074,F,1,40.29,478.77,1,1,1,7,1,5,2,481.9075,-168.73525
11,4074,F,1,87.8,146.17,1,1,2,8,1,6,2,481.9075,-168.73525
11,4074,F,1,661.36,900,1,0,3,9,1,2,2,481.9075,-168.73525
11,4074,F,1,399.9,402.69,1,1,4,10,1,3,2,481.9075,-168.73525
11,4075,M,1,900,900,0,0,1,1,1,5,1,514.58725,-2.45225
11,4075,M,1,102.481,195.945,1,1,2,2,1,1,1,514.58725,-2.45225
11,4075,M,1,900,900,0,0,3,3,1,2,1,514.58725,-2.45225
11,4075,M,1,52.77,62.404,1,1,4,4,1,4,1,514.58725,-2.45225
11,4075,M,1,200.62,203.92,1,1,1,7,1,5,2,512.135,-2.45225
11,4075,M,1,40.94,900,1,0,2,8,1,6,2,512.135,-2.45225
11,4075,M,1,900,900,0,0,3,9,1,1,2,512.135,-2.45225
11,4075,M,1,40.5,44.62,1,1,4,10,1,3,2,512.135,-2.45225
11,4076,M,1,101.72,900,1,0,2,2,1,4,1,900,-711.0125
11,4076,M,1,900,900,0,0,3,3,1,6,1,900,-711.0125
11,4076,M,1,871.325,900,1,0,4,4,1,2,1,900,-711.0125
11,4076,M,1,231.12,235.37,1,1,1,7,1,6,2,188.9875,-711.0125
11,4076,M,1,301.2,303.17,1,1,2,8,1,5,2,188.9875,-711.0125
11,4076,M,1,201.12,204.1,1,1,3,9,1,4,2,188.9875,-711.0125
11,4076,M,1,8.44,13.31,1,1,4,10,1,2,2,188.9875,-711.0125
12,4069,F,0,0,61.92,1,1,1,1,1,5,1,306.3225,65.489
12,4069,F,0,0,2.367,1,1,2,2,1,2,1,306.3225,65.489
12,4069,F,0,269.785,828.129,1,1,3,3,1,3,1,306.3225,65.489
12,4069,F,0,274.349,332.874,1,1,4,4,1,6,1,306.3225,65.489
12,4069,F,0,109.44,232.37,1,1,1,7,1,2,2,371.8115,65.489
12,4069,F,0,18.059,54.704,1,1,2,8,1,3,2,371.8115,65.489
12,4069,F,0,861.4,900,1,0,3,9,1,1,2,371.8115,65.489
12,4069,F,0,198.114,300.172,1,1,4,10,1,4,2,371.8115,65.489
12,4070,M,0,194.294,900,1,0,1,1,1,3,1,498.36225,-246.5175
12,4070,M,0,43.811,56.6,1,1,2,2,1,5,1,498.36225,-246.5175
12,4070,M,0,864.371,900,1,0,3,3,1,1,1,498.36225,-246.5175
12,4070,M,0,46.451,136.849,1,1,4,4,1,2,1,498.36225,-246.5175
12,4070,M,0,56.979,62.495,1,1,1,7,1,3,2,251.84475,-246.5175
12,4070,M,0,0.119,2.204,1,1,2,8,1,6,2,251.84475,-246.5175
12,4070,M,0,900,900,0,0,3,9,1,1,2,251.84475,-246.5175
12,4070,M,0,19.354,42.68,1,1,4,10,1,4,2,251.84475,-246.5175
12,4071,F,0,15.332,876.838,1,1,1,1,1,1,1,346.59675,-233.32425
12,4071,F,0,0.624,2.545,1,1,2,2,1,2,1,346.59675,-233.32425
12,4071,F,0,217.454,507.004,1,1,3,3,1,6,1,346.59675,-233.32425
12,4071,F,0,0,0,1,1,4,4,1,4,1,346.59675,-233.32425
12,4071,F,0,0,12.555,1,1,2,8,1,3,2,113.2725,-233.32425
12,4071,F,0,206.08,213.99,1,1,4,10,1,1,2,113.2725,-233.32425
12,4072,F,0,900,900,0,0,1,1,1,6,1,466.67,-374.239
12,4072,F,0,0,38.13,1,1,2,2,1,3,1,466.67,-374.239
12,4072,F,0,900,900,0,0,3,3,1,4,1,466.67,-374.239
12,4072,F,0,22.629,28.55,1,1,4,4,1,1,1,466.67,-374.239
12,4072,F,0,5.68,9.43,1,1,1,7,1,2,2,92.431,-374.239
12,4072,F,0,173.07,175.432,1,1,4,10,1,1,2,92.431,-374.239
12,4073,M,0,900,900,0,0,1,1,1,2,1,900,-527.845
12,4073,M,0,900,900,0,0,2,2,1,4,1,900,-527.845
12,4073,M,0,900,900,0,0,3,3,1,3,1,900,-527.845
12,4073,M,0,427.911,900,1,0,4,4,1,6,1,900,-527.845
12,4073,M,0,50.764,372.155,1,1,2,8,1,1,2,372.155,-527.845
14,4161,M,0,200.866,900,1,0,1,1,1,4,1,688.83,211.17
14,4161,M,0,50.19,55.32,1,1,2,2,1,6,1,688.83,211.17
14,4161,M,0,900,900,0,0,3,3,1,5,1,688.83,211.17
14,4161,M,0,900,900,0,0,4,4,1,1,1,688.83,211.17
14,4161,M,0,119.19,,1,1,2,8,1,2,2,900,211.17
14,4161,M,0,900,900,1,0,3,9,1,1,2,900,211.17
14,4163,M,0,6.696,207.201,1,1,2,2,1,4,1,479.9386667,50.22133333
14,4163,M,0,753.766,760.065,1,1,3,3,1,2,1,479.9386667,50.22133333
14,4163,M,0,177.026,472.55,1,1,4,4,1,1,1,479.9386667,50.22133333
14,4163,M,0,22.95,278.92,1,1,1,7,1,2,2,530.16,50.22133333
14,4163,M,0,900,900,0,0,2,8,1,4,2,530.16,50.22133333
14,4163,M,0,900,900,0,0,3,9,1,5,2,530.16,50.22133333
14,4163,M,0,23.49,41.72,1,1,4,10,1,6,2,530.16,50.22133333
14,4164,M,0,900,900,1,0,1,1,1,1,1,485.5963333,-112.9863333
14,4164,M,0,27.725,552.123,1,1,3,3,1,4,1,485.5963333,-112.9863333
14,4164,M,0,0,4.666,1,1,4,4,1,2,1,485.5963333,-112.9863333
14,4164,M,0,1.58,46.79,1,1,1,7,1,6,2,372.61,-112.9863333
14,4164,M,0,159.33,171.04,1,1,2,8,1,2,2,372.61,-112.9863333
14,4164,M,0,900,900,0,0,3,9,1,1,2,372.61,-112.9863333
14,4165,F,0,31.27,900,1,0,1,1,1,4,1,481.7725,-66.4375
14,4165,F,0,0,80.825,1,1,2,2,1,2,1,481.7725,-66.4375
14,4165,F,0,138.046,900,1,0,3,3,1,5,1,481.7725,-66.4375
14,4165,F,0,25.955,46.265,1,1,4,4,1,6,1,481.7725,-66.4375
14,4165,F,0,270.1,687.46,1,1,1,7,1,4,2,415.335,-66.4375
14,4165,F,0,1.95,29.49,1,1,2,8,1,6,2,415.335,-66.4375
14,4165,F,0,900,900,0,0,3,9,1,1,2,415.335,-66.4375
14,4165,F,0,0,44.39,1,1,4,10,1,5,2,415.335,-66.4375
14,4166,M,0,674.186,900,1,0,1,1,1,4,1,863.5,-585.54
14,4166,M,0,544.466,900,1,0,2,2,1,1,1,863.5,-585.54
14,4166,M,0,900,900,0,0,3,3,1,3,1,863.5,-585.54
14,4166,M,0,90.24,754,1,1,4,4,1,5,1,863.5,-585.54
14,4166,M,0,30.59,59.62,1,1,1,7,1,5,2,277.96,-585.54
14,4166,M,0,31.61,32.35,1,1,2,8,1,6,2,277.96,-585.54
14,4166,M,0,900,900,0,0,3,9,1,2,2,277.96,-585.54
14,4166,M,0,117.39,119.87,1,1,4,10,1,3,2,277.96,-585.54
15,4129,M,1,511.67,900,1,0,1,1,1,1,1,692.324,-435.5415
15,4129,M,1,97.424,900,1,0,2,2,1,3,1,692.324,-435.5415
15,4129,M,1,66.32,69.296,1,1,3,3,1,6,1,692.324,-435.5415
15,4129,M,1,900,900,0,0,4,4,1,5,1,692.324,-435.5415
15,4129,M,1,0,61.17,1,1,1,7,1,3,2,256.7825,-435.5415
15,4129,M,1,7.21,65.96,1,1,2,8,1,1,2,256.7825,-435.5415
15,4129,M,1,874.65,900,1,0,3,9,1,2,2,256.7825,-435.5415
15,4129,M,1,0,0,1,1,4,10,1,5,2,256.7825,-435.5415
15,4130,F,1,1.711,900,1,0,1,1,1,1,1,736.6625,-228.5025
15,4130,F,1,244.47,246.65,1,1,2,2,1,2,1,736.6625,-228.5025
15,4130,F,1,900,900,0,0,3,3,1,6,1,736.6625,-228.5025
15,4130,F,1,197.369,900,1,0,4,4,1,3,1,736.6625,-228.5025
15,4130,F,1,0,211.74,1,1,1,7,1,3,2,508.16,-228.5025
15,4130,F,1,14.3,900,1,0,2,8,1,1,2,508.16,-228.5025
15,4130,F,1,790.22,900,1,0,3,9,1,5,2,508.16,-228.5025
15,4130,F,1,12.37,20.9,1,1,4,10,1,6,2,508.16,-228.5025
15,4131,F,1,482.368,900,1,0,1,1,1,5,1,401.692,83.948
15,4131,F,1,175.73,420.128,1,1,2,2,1,1,1,401.692,83.948
15,4131,F,1,91.13,143.286,1,1,3,3,1,4,1,401.692,83.948
15,4131,F,1,42.034,143.354,1,1,4,4,1,6,1,401.692,83.948
15,4131,F,1,69.64,71.28,1,1,2,8,1,2,2,485.64,83.948
15,4131,F,1,900,900,0,0,3,9,1,1,2,485.64,83.948
15,4132,M,1,214.245,900,1,0,1,1,1,5,1,766.83875,-163.3420833
15,4132,M,1,108.75,469.36,1,1,2,2,1,4,1,766.83875,-163.3420833
15,4132,M,1,157.184,806.919,1,1,3,3,1,6,1,766.83875,-163.3420833
15,4132,M,1,64.41,891.076,1,1,4,4,1,2,1,766.83875,-163.3420833
15,4132,M,1,0,900,1,0,1,7,1,2,2,603.4966667,-163.3420833
15,4132,M,1,900,900,0,0,2,8,1,1,2,603.4966667,-163.3420833
15,4132,M,1,7.53,10.49,1,1,4,10,1,4,2,603.4966667,-163.3420833
15,4133,M,1,28.014,900,1,0,2,2,1,1,1,900,-658.26
15,4133,M,1,37.61,145.08,1,1,1,7,1,4,2,241.74,-658.26
15,4133,M,1,18.74,38.13,1,1,2,8,1,6,2,241.74,-658.26
15,4133,M,1,534.2,542.01,1,1,4,10,1,3,2,241.74,-658.26
16,4059,M,0,13.33,791.061,1,1,1,1,1,6,1,205.858,246.6645
16,4059,M,0,2.799,6.854,1,1,2,2,1,2,1,205.858,246.6645
16,4059,M,0,5.609,25.517,1,1,3,3,1,5,1,205.858,246.6645
16,4059,M,0,0,0,1,1,4,4,1,1,1,205.858,246.6645
16,4059,M,0,29.52,900,1,0,1,7,1,2,2,452.5225,246.6645
16,4059,M,0,3.46,3.68,1,1,2,8,1,5,2,452.5225,246.6645
16,4059,M,0,900,900,0,0,3,9,1,1,2,452.5225,246.6645
16,4059,M,0,5.01,6.41,1,1,4,10,1,6,2,452.5225,246.6645
16,4060,M,0,108.125,900,1,0,1,1,1,2,1,248.1365,-148.8515
16,4060,M,0,10.065,34.304,1,1,2,2,1,6,1,248.1365,-148.8515
16,4060,M,0,50.63,52.545,1,1,3,3,1,3,1,248.1365,-148.8515
16,4060,M,0,0.755,5.697,1,1,4,4,1,5,1,248.1365,-148.8515
16,4060,M,0,0,0.08,1,1,1,7,1,6,2,99.285,-148.8515
16,4060,M,0,6.9,8.64,1,1,2,8,1,2,2,99.285,-148.8515
16,4060,M,0,244.27,388.42,1,1,3,9,1,1,2,99.285,-148.8515
16,4060,M,0,0,0,1,1,4,10,1,5,2,99.285,-148.8515
16,4061,F,0,107.78,654.495,1,1,1,1,1,6,1,191.8415,-170.7965
16,4061,F,0,8.201,24.025,1,1,2,2,1,3,1,191.8415,-170.7965
16,4061,F,0,81.234,88.846,1,1,3,3,1,2,1,191.8415,-170.7965
16,4061,F,0,0,0,1,1,4,4,1,5,1,191.8415,-170.7965
16,4061,F,0,36.74,39.37,1,1,1,7,1,2,2,21.045,-170.7965
16,4061,F,0,5.21,9.24,1,1,2,8,1,5,2,21.045,-170.7965
16,4061,F,0,4.6,6.15,1,1,3,9,1,6,2,21.045,-170.7965
16,4061,F,0,22.51,29.42,1,1,4,10,1,3,2,21.045,-170.7965
17,4086,M,1,900,900,0,0,1,1,1,4,1,509.0785,272.0931667
17,4086,M,1,54.255,900,1,0,2,2,1,6,1,509.0785,272.0931667
17,4086,M,1,26.494,30.88,1,1,3,3,1,5,1,509.0785,272.0931667
17,4086,M,1,71.234,205.434,1,1,4,4,1,2,1,509.0785,272.0931667
17,4086,M,1,53.974,900,1,0,1,7,1,4,2,781.1716667,272.0931667
17,4086,M,1,69.65,543.515,1,1,2,8,1,2,2,781.1716667,272.0931667
17,4086,M,1,900,900,0,0,3,9,1,1,2,781.1716667,272.0931667
17,4087,M,1,151.286,900,1,0,1,1,1,4,1,761.8063333,-477.6383333
17,4087,M,1,27.06,750.374,1,1,2,2,1,3,1,761.8063333,-477.6383333
17,4087,M,1,633.475,635.045,1,1,4,4,1,2,1,761.8063333,-477.6383333
17,4087,M,1,26.954,181.088,1,1,1,7,1,2,2,284.168,-477.6383333
17,4087,M,1,0,55.584,1,1,2,8,1,3,2,284.168,-477.6383333
17,4087,M,1,900,900,0,0,3,9,1,4,2,284.168,-477.6383333
17,4087,M,1,0,0,1,1,4,10,1,5,2,284.168,-477.6383333
19,4093,M,0,45.256,61.54,1,1,2,8,1,2,2,61.54,
19,4094,F,0,27.439,900,1,0,1,1,1,2,1,423.826,
19,4094,F,0,3.06,4.361,1,1,2,2,1,4,1,423.826,
19,4094,F,0,307.175,367.117,1,1,4,4,1,1,1,423.826,
19,4095,F,0,102.974,900,1,0,1,1,1,1,1,366.07025,-340.3099167
19,4095,F,0,61.866,68.665,1,1,2,2,1,3,1,366.07025,-340.3099167
19,4095,F,0,23.984,26.241,1,1,3,3,1,4,1,366.07025,-340.3099167
19,4095,F,0,100.014,469.375,1,1,4,4,1,2,1,366.07025,-340.3099167
19,4095,F,0,8.218,55.7,1,1,1,7,1,4,2,25.76033333,-340.3099167
19,4095,F,0,6.498,9.322,1,1,2,8,1,5,2,25.76033333,-340.3099167
19,4095,F,0,0,12.259,1,1,4,10,1,1,2,25.76033333,-340.3099167
19,4099,M,0,6.894,8.966,1,1,1,1,1,1,1,25.074,205.91575
19,4099,M,0,38.2,45.584,1,1,2,2,1,5,1,25.074,205.91575
19,4099,M,0,0,35.626,1,1,3,3,1,2,1,25.074,205.91575
19,4099,M,0,8.676,10.12,1,1,4,4,1,6,1,25.074,205.91575
19,4099,M,0,0,0,1,1,1,7,1,2,2,230.98975,205.91575
19,4099,M,0,0,21.257,1,1,2,8,1,5,2,230.98975,205.91575
19,4099,M,0,900,900,0,0,3,9,1,1,2,230.98975,205.91575
19,4099,M,0,0,2.702,1,1,4,10,1,6,2,230.98975,205.91575
20,4089,M,1,15.141,900,1,0,1,7,1,2,2,482.7445,
20,4089,M,1,92.347,107.663,1,1,2,8,1,5,2,482.7445,
20,4089,M,1,900,900,0,0,3,9,1,6,2,482.7445,
20,4089,M,1,21.41,23.315,1,1,4,10,1,4,2,482.7445,
20,4090,M,1,137.165,778.326,1,1,1,1,1,4,1,313.0385,
20,4090,M,1,0,0,1,1,2,2,1,6,1,313.0385,
20,4090,M,1,159.869,473.828,1,1,3,3,1,2,1,313.0385,
20,4090,M,1,0,0,1,1,4,4,1,3,1,313.0385,
20,4091,F,1,0,900,1,0,1,1,1,4,1,602.72,-47.49275
20,4091,F,1,2.814,7.161,1,1,2,2,1,1,1,602.72,-47.49275
20,4091,F,1,900,900,0,0,3,3,1,3,1,602.72,-47.49275
20,4091,F,1,601.534,603.719,1,1,4,4,1,5,1,602.72,-47.49275
20,4091,F,1,73.864,900,1,0,1,7,1,2,2,555.22725,-47.49275
20,4091,F,1,5.77,8.29,1,1,2,8,1,4,2,555.22725,-47.49275
20,4091,F,1,900,900,0,0,3,9,1,3,2,555.22725,-47.49275
20,4091,F,1,55.33,412.619,1,1,4,10,1,1,2,555.22725,-47.49275
22,4140,M,1,334.969,900,1,0,1,1,1,3,1,685.56825,-214.52825
22,4140,M,1,33.105,42.273,1,1,2,2,1,2,1,685.56825,-214.52825
22,4140,M,1,900,900,0,0,3,3,1,5,1,685.56825,-214.52825
22,4140,M,1,150.14,900,1,0,4,4,1,1,1,685.56825,-214.52825
22,4140,M,1,900,900,0,0,3,9,1,3,2,471.04,-214.52825
22,4140,M,1,35.93,42.08,1,1,4,10,1,6,2,471.04,-214.52825
22,4141,M,1,129.021,900,1,0,1,1,1,4,1,900,-636.6975
22,4141,M,1,900,900,0,0,3,3,1,1,1,900,-636.6975
22,4141,M,1,6.47,109.12,1,1,1,7,1,4,2,263.3025,-636.6975
22,4141,M,1,36.07,41.24,1,1,2,8,1,5,2,263.3025,-636.6975
22,4141,M,1,900,900,0,0,3,9,1,6,2,263.3025,-636.6975
22,4141,M,1,93.98,2.85,1,1,4,10,1,2,2,263.3025,-636.6975
22,4145,F,1,900,900,0,0,1,1,1,3,1,675,-329.21
22,4145,F,1,0,0,1,1,2,2,1,6,1,675,-329.21
22,4145,F,1,900,900,0,0,3,3,1,4,1,675,-329.21
22,4145,F,1,251.04,900,1,0,4,4,1,2,1,675,-329.21
22,4145,F,1,63.42,68.65,1,1,1,7,1,2,2,345.79,-329.21
22,4145,F,1,8.99,68.72,1,1,2,8,1,3,2,345.79,-329.21
22,4145,F,1,900,900,0,0,3,9,1,6,2,345.79,-329.21
23,4134,M,0,121.146,403.058,1,1,4,4,1,2,1,403.058,72.87866667
23,4134,M,0,18.29,425.51,1,1,2,8,1,1,2,475.9366667,72.87866667
23,4134,M,0,900,900,0,0,3,9,1,4,2,475.9366667,72.87866667
23,4134,M,0,31.32,102.3,1,1,4,10,1,2,2,475.9366667,72.87866667
23,4135,F,0,491.545,900,1,0,1,1,1,4,1,512.59975,-500.44975
23,4135,F,0,183.85,185.9,1,1,2,2,1,3,1,512.59975,-500.44975
23,4135,F,0,900,900,0,0,3,3,1,2,1,512.59975,-500.44975
23,4135,F,0,53.536,64.499,1,1,4,4,1,5,1,512.59975,-500.44975
23,4135,F,0,11.03,12.15,1,1,2,8,1,2,2,12.15,-500.44975
23,4136,M,0,900,900,0,0,1,1,1,5,1,722.24725,-709.99725
23,4136,M,0,476.84,900,1,0,2,2,1,1,1,722.24725,-709.99725
23,4136,M,0,900,900,0,0,3,3,1,2,1,722.24725,-709.99725
23,4136,M,0,108.24,188.989,1,1,4,4,1,3,1,722.24725,-709.99725
23,4136,M,0,4.66,5.58,1,1,1,7,1,2,2,12.25,-709.99725
23,4136,M,0,17.38,18.92,1,1,4,10,1,5,2,12.25,-709.99725
23,4137,M,0,509.921,900,1,0,1,1,1,2,1,466.46275,-53.52275
23,4137,M,0,92.978,860.988,1,1,2,2,1,6,1,466.46275,-53.52275
23,4137,M,0,54.321,61.46,1,1,3,3,1,5,1,466.46275,-53.52275
23,4137,M,0,33.614,43.403,1,1,4,4,1,1,1,466.46275,-53.52275
23,4137,M,0,74.47,115.16,1,1,1,7,1,6,2,412.94,-53.52275
23,4137,M,0,569.41,571.25,1,1,2,8,1,5,2,412.94,-53.52275
23,4137,M,0,900,900,0,0,3,9,1,2,2,412.94,-53.52275
23,4137,M,0,28.82,65.35,1,1,4,10,1,1,2,412.94,-53.52275
23,4138,F,0,402.898,900,1,1,1,1,1,5,1,626.7866667,-611.0766667
23,4138,F,0,33.8,80.36,1,1,2,2,1,4,1,626.7866667,-611.0766667
23,4138,F,0,900,900,0,0,3,3,1,2,1,626.7866667,-611.0766667
23,4138,F,0,0.31,1.46,1,1,1,7,1,1,2,15.71,-611.0766667
23,4138,F,0,34.31,43.66,1,1,2,8,1,5,2,15.71,-611.0766667
23,4138,F,0,0,2.01,1,1,4,10,1,4,2,15.71,-611.0766667
25,4146,F,1,475.876,900,1,0,1,1,1,5,1,900,-587.07
25,4146,F,1,201.995,900,1,0,2,2,1,2,1,900,-587.07
25,4146,F,1,900,900,0,0,3,3,1,4,1,900,-587.07
25,4146,F,1,900,900,0,0,4,4,1,3,1,900,-587.07
25,4146,F,1,113.88,163.07,1,1,1,7,1,2,2,312.93,-587.07
25,4146,F,1,9.61,57.45,1,1,2,8,1,3,2,312.93,-587.07
25,4146,F,1,846.52,900,1,0,3,9,1,5,2,312.93,-587.07
25,4146,F,1,125.95,131.2,1,1,4,10,1,6,2,312.93,-587.07
25,4148,M,1,721.505,900,1,0,1,1,1,2,1,543.51125,-189.4979167
25,4148,M,1,0,716.216,1,1,2,2,1,4,1,543.51125,-189.4979167
25,4148,M,1,57.843,553.818,1,1,3,3,1,1,1,543.51125,-189.4979167
25,4148,M,1,0.24,4.011,1,1,4,4,1,5,1,543.51125,-189.4979167
25,4148,M,1,159.52,162.04,1,1,1,7,1,1,2,354.0133333,-189.4979167
25,4148,M,1,0,0,1,1,2,8,1,5,2,354.0133333,-189.4979167
25,4148,M,1,900,900,0,0,3,9,1,3,2,354.0133333,-189.4979167
25,4151,F,1,900,900,0,0,1,1,1,1,1,484.6376667,-36.60766667
25,4151,F,1,5.651,545.797,1,1,2,2,1,2,1,484.6376667,-36.60766667
25,4151,F,1,0,8.116,1,1,4,4,1,3,1,484.6376667,-36.60766667
25,4151,F,1,0,90.96,1,1,1,7,1,1,2,448.03,-36.60766667
25,4151,F,1,341.27,805.1,1,1,3,9,1,4,2,448.03,-36.60766667
25,4152,F,1,75.499,280.374,1,1,2,2,1,3,1,280.374,-147.644
25,4152,F,1,15.9,166.03,1,1,1,7,1,4,2,132.73,-147.644
25,4152,F,1,69.18,99.43,1,1,2,8,1,1,2,132.73,-147.644
27,4142,M,0,900,900,0,0,1,1,1,2,1,900,-588.56
27,4142,M,0,13.933,900,1,0,2,2,1,5,1,900,-588.56
27,4142,M,0,365.62,900,1,0,3,3,1,6,1,900,-588.56
27,4142,M,0,900,900,0,0,4,4,1,1,1,900,-588.56
27,4142,M,0,21.35,900,1,0,1,7,1,1,2,311.44,-588.56
27,4142,M,0,4.28,34.32,1,1,2,8,1,4,2,311.44,-588.56
27,4142,M,0,558.47,,1,,3,9,1,2,2,311.44,-588.56
27,4142,M,0,0,0,1,1,4,10,1,6,2,311.44,-588.56
27,4143,F,0,174.78,900,1,0,1,1,1,5,1,662.019,-60.57233333
27,4143,F,0,58.485,900,1,0,2,2,1,2,1,662.019,-60.57233333
27,4143,F,0,147.281,186.057,1,1,4,4,1,1,1,662.019,-60.57233333
27,4143,F,0,9.37,900,1,0,1,7,1,6,2,601.4466667,-60.57233333
27,4143,F,0,422.93,900,1,0,3,9,1,1,2,601.4466667,-60.57233333
27,4143,F,0,0,4.34,1,1,4,10,1,2,2,601.4466667,-60.57233333
27,4144,F,0,900,900,0,0,1,1,1,6,1,318.76275,77.07725
27,4144,F,0,245.295,372.226,1,1,2,2,1,1,1,318.76275,77.07725
27,4144,F,0,0,0,1,1,3,3,1,5,1,318.76275,77.07725
27,4144,F,0,0,2.825,1,1,4,4,1,3,1,318.76275,77.07725
27,4144,F,0,34,625.26,1,1,1,7,1,1,2,395.84,77.07725
27,4144,F,0,900,900,0,0,3,9,1,3,2,395.84,77.07725
27,4144,F,0,12.86,17.06,1,1,4,10,1,5,2,395.84,77.07725
27,4147,F,0,17.02,41.04,1,1,2,8,1,2,2,395.84,77.07725
29,4153,M,1,536.44,900,1,0,1,1,1,2,1,900,-541.68
29,4153,M,1,165.124,900,1,0,2,2,1,1,1,900,-541.68
29,4153,M,1,900,900,0,0,3,3,1,6,1,900,-541.68
29,4153,M,1,280.72,900,1,0,4,4,1,5,1,900,-541.68
29,4153,M,1,0,10.73,1,1,2,8,1,2,2,358.32,-541.68
29,4153,M,1,900,900,0,0,3,9,1,4,2,358.32,-541.68
29,4153,M,1,151.84,164.23,1,1,4,10,1,5,2,358.32,-541.68
29,4158,F,1,0,0,1,1,1,1,1,2,1,675,41.345
29,4158,F,1,7.56,900,1,0,2,2,1,3,1,675,41.345
29,4158,F,1,900,900,0,0,3,3,1,4,1,675,41.345
29,4158,F,1,41.956,900,1,0,4,4,1,5,1,675,41.345
29,4158,F,1,323.2,532.69,1,1,1,7,1,2,2,716.345,41.345
29,4158,F,1,18.7,900,1,0,2,8,1,3,2,716.345,41.345
